,id,raf,beta
1,rs186542490,0.006,0.6
2,rs186076999,0.006,0.62
3,rs141521929,0.005,0.62
4,rs73865608,0.004,0.63
5,rs184614511,0.005,0.64
6,rs193129245,0.005,0.67
7,rs150061627,0.004,0.68
8,rs190457471,0.004,0.68
9,rs141387448,0.005,0.68
10,rs117760708,0.004,0.73
11,rs187423924,0.004,0.74
12,rs181634374,0.003,0.77
13,rs145228677,0.004,0.79
14,rs188699384,0.003,0.79
15,rs148003968,0.003,0.81
16,rs185867524,0.004,0.86
17,rs117756856,0.003,0.89
18,rs184457411,0.003,0.92
19,rs180751169,0.002,0.94
20,rs188392327,0.002,0.99
21,rs192232892,0.002,0.99
22,rs149839710,0.002,1.0
23,rs150631144,0.002,1.13
24,rs144573434,0.997,1.14
25,rs181228315,0.986,0.35
26,rs147285445,0.998,1.03
27,rs187295598,0.988,0.34
28,rs141976661,0.997,0.88
29,rs77544685,0.013,0.33
30,rs185170954,0.997,0.82
31,rs75635567,0.985,0.3
32,rs181696879,0.994,0.67
33,rs146322114,0.029,0.25
34,rs12661302,0.977,0.25
35,rs186588455,0.964,0.22
36,rs115443594,0.966,0.22
37,rs183291664,0.996,0.58
38,rs145840463,0.036,0.21
39,rs181299481,0.994,0.58
40,rs10060040,0.053,0.17
41,rs62179067,0.941,0.16
42,rs56249755,0.939,0.16
43,rs115317194,0.067,0.15
44,rs75770912,0.074,0.14
45,rs7698880,0.124,0.14
46,rs76816469,0.101,0.12
47,rs61233297,0.094,0.11
48,rs853656,0.167,0.09
49,rs181990369,0.988,0.37
50,rs145282773,0.997,1.04
51,rs147150305,0.984,0.35
52,rs186891871,0.998,0.98
53,rs142660142,0.986,0.34
54,rs139638356,0.996,0.83
55,rs144167489,0.017,0.32
56,rs115798104,0.997,0.8
57,rs146997164,0.97,0.26
58,rs138449900,0.996,0.66
59,rs141846544,0.996,0.65
60,rs117022236,0.995,0.63
61,rs140587050,0.995,0.63
62,rs114179644,0.969,0.21
63,rs142076474,0.994,0.58
64,rs10075047,0.032,0.21
65,rs191404864,0.006,0.53
66,rs112404845,0.991,0.47
67,rs183256737,0.993,0.46
68,rs79930850,0.99,0.45
69,rs143261188,0.992,0.44
70,rs115078773,0.992,0.44
71,rs139195876,0.99,0.43
72,rs16961023,0.985,0.41
73,rs72842919,0.985,0.38
74,rs8077028,0.751,0.09
75,rs2244526,0.824,0.09
76,rs17022021,0.843,0.09
77,rs1034435,0.659,0.07
78,rs4760243,0.566,0.07
79,rs7260181,0.57,0.07
80,rs12716755,0.608,0.07
81,rs3820443,0.611,0.07
82,rs846858,0.272,0.08
83,rs5771225,0.217,0.09
84,rs7313581,0.218,0.09
85,rs2699450,0.211,0.09
86,rs6945197,0.16,0.09
87,rs184992198,0.816,0.11
88,rs115972394,0.147,0.11
89,rs73215707,0.908,0.12
90,rs79926713,0.082,0.13
91,rs73732514,0.929,0.14
92,rs62177277,0.056,0.16
93,rs73681522,0.051,0.16
94,rs2234017,0.056,0.17
95,rs147597631,0.061,0.18
96,rs145848414,0.04,0.21
97,rs147985478,0.977,0.25
98,rs116050881,0.026,0.25
99,rs116530595,0.018,0.26
100,rs147582129,0.016,0.28
101,rs72998574,0.022,0.28
102,rs144471255,0.018,0.31
103,rs144216026,0.017,0.31
104,rs137869973,0.025,0.31
105,rs72840936,0.018,0.32
106,rs148587130,0.013,0.36
107,rs185126971,0.011,0.37
108,rs73239797,0.013,0.39
109,rs113884973,0.008,0.43
110,rs182972826,0.007,0.44
111,rs112920270,0.008,0.45
112,rs141104697,0.007,0.46
113,rs144464515,0.01,0.46
114,rs191707442,0.008,0.47
115,rs150269952,0.009,0.48
116,rs144998240,0.006,0.5
117,rs138543081,0.009,0.5
118,rs192013290,0.006,0.51
119,rs144077517,0.005,0.54
120,rs142835438,0.007,0.54
121,rs184695264,0.005,0.58
122,rs921390,0.005,0.58
123,rs150291119,0.005,0.6
