,id,raf,beta,allele
219,rs2476601,0.1,0.59584,A
220,rs2451258,0.64,0.10104,T
221,rs147622113,0.03,0.38854,T
222,rs59716545,0.54,0.09246,T
223,rs947474,0.81,0.11882,A
224,rs3824660,0.61,0.09765,T
225,rs8026898,0.27,0.14416,A
226,rs2301888,0.35,0.09994,A
227,rs8133843,0.62,0.09493,A
228,rs13330176,0.23,0.1172,A
229,rs1893592,0.72,0.1011,A
230,rs2105325,0.26,0.1024,A
231,rs4239702,0.28,0.13357,T
232,rs2233424,0.04,0.2849,T
233,rs2234067,0.13,0.13078,A
234,rs624988,0.4,0.08585,T
235,rs73081554,0.07,0.16616,T
236,rs8032939,0.75,0.12131,T
237,rs73194058,0.13,0.12899,A
238,rs773125,0.59,0.08492,A
239,rs1633360,0.58,0.08383,T
240,rs9826828,0.02,0.35109,A
241,rs706778,0.4,0.10647,T
242,rs1980422,0.77,0.11592,T
243,rs9603616,0.34,0.10756,T
244,rs187786174,0.3,0.11442,A
245,rs4452313,0.71,0.10995,A
246,rs909685,0.3,0.10523,A
247,rs2561477,0.32,0.10385,A
248,rs1858037,0.35,0.10039,A
249,rs7731626,0.37,0.19311,A
250,rs3087243,0.45,0.14051,A
251,rs17264332,0.79,0.16059,A
252,rs7752903,0.97,0.3383,T
253,rs28411352,0.25,0.10876,T
254,rs11933540,0.69,0.14086,T
255,rs34536443,0.95,0.38009,G
256,rs10790268,0.21,0.1593,A
257,rs1571878,0.56,0.12182,T
258,rs10985070,0.57,0.08656,A
259,rs34695944,0.63,0.11793,T
260,rs11574914,0.33,0.11847,A
261,rs71508903,0.21,0.14368,T
262,rs3806624,0.54,0.08539,A
263,rs9653442,0.54,0.10642,T
264,rs3778753,0.54,0.11128,A
265,rs11889341,0.23,0.12382,T
266,rs8083786,0.84,0.11,A
267,rs998731,0.46,0.08333,T
268,rs10175798,0.62,0.0882,A
269,rs9268839,0.55,0.90412,A
270,rs9268839,0.56,0.64731,A
271,rs1571878,0.52,0.24901,T
272,rs2301888,0.59,0.18293,A
273,rs2233424,0.21,0.21291,T
274,rs7752903,0.93,0.29808,T
275,rs8083786,0.66,0.16545,A
276,rs71508903,0.24,0.17897,T
277,rs11889341,0.3,0.15935,T
278,rs726288,0.18,0.19738,T
279,rs3783782,0.23,0.16062,A
280,rs6479800,0.89,0.19699,G
281,rs1858037,0.84,0.15877,A
282,rs73013527,0.28,0.14518,T
283,rs761426,0.55,0.129,A
284,rs2469434,0.63,0.12913,T
285,rs2736337,0.33,0.13637,T
286,rs75409195,0.7,0.13909,G
287,rs909685,0.85,0.20136,A
288,rs2582532,0.27,0.14638,T
289,rs227163,0.58,0.11519,T
290,rs9373594,0.34,0.12164,T
291,rs10028001,0.55,0.11386,A
292,rs74984480,0.15,0.15294,T
293,rs657075,0.35,0.11573,A
294,rs678347,0.73,0.08926,A
295,rs9378815,0.34,0.08807,G
296,rs2736337,0.75,0.09221,T
297,rs10774624,0.51,0.08647,A
298,rs1950897,0.71,0.08826,T
299,rs147868091,0.12,0.12623,T
300,rs6715284,0.1,0.12901,G
301,rs12413578,0.1,0.18538,T
302,rs4272,0.79,0.0968,A
303,rs12140275,0.75,0.09364,A
304,rs138193887,0.92,0.18808,A
305,rs4780401,0.59,0.08346,T
306,rs1516971,0.87,0.1199,T
307,rs11089637,0.84,0.1048,T
308,rs968567,0.18,0.10388,T
309,rs72717009,0.12,0.12237,T
310,rs67250450,0.79,0.09087,T
311,rs73013527,0.5,0.07949,T
312,rs13142500,0.55,0.0967,T
313,rs2664035,0.4,0.07389,A
314,rs45475795,0.93,0.12829,A
315,rs508970,0.49,0.07089,A
316,rs2228145,0.6,0.07194,A
317,rs331463,0.15,0.10035,A
318,rs793108,0.5,0.06843,T
319,rs9268839,0.750718391,0.623752,A
411,rs7216796,0.3619,0.2459,A
412,rs59902911,0.0356,0.8589,T
752,rs116199914,0.012,0.142,G
753,rs1695024,0.23,0.031,A
754,rs111703287,0.014,0.119,T
762,rs4336372,0.34,0.34,C
763,rs12570744,0.17,0.49,T
764,rs7141276,0.41,0.37,A
765,rs4336372,0.34,0.65,C
1222,rs284515,0.17,0.35,G
1223,rs75908454,0.1,0.42,C
1225,rs284511,0.33,0.41,C
1226,rs1679568,0.15,0.44,A
1227,rs923880,0.43,0.25,C
1228,rs41005,0.33,0.27,T
1229,rs13015080,0.31,0.28,A
1230,rs1079467,0.26,0.29,C
1231,rs16973500,0.38,0.24,T
1232,rs13015080,0.31,0.3,A
1233,rs1498103,0.46,0.26,A
